<?xml version="1.0"?>
<ruleset name="Shiny Updates Coding Standards">
	<!-- See https://github.com/squizlabs/PHP_CodeSniffer/wiki/Annotated-ruleset.xml -->
	<!-- See https://github.com/WordPress-Coding-Standards/WordPress-Coding-Standards/blob/develop/WordPress-Core/ruleset.xml -->

	<!-- Set a description for this ruleset. -->
	<description>A custom set of code standard rules for Shiny Updates.</description>

	<!-- Include the WordPress ruleset, with exclusions. -->
	<rule ref="WordPress">
		<exclude name="WordPress.XSS.EscapeOutput"/>
		<exclude name="WordPress.VIP.SuperGlobalInputUsage"/>
		<exclude name="WordPress.VIP.ValidatedSanitizedInput"/>
		<exclude name="WordPress.Variables.GlobalVariables.OverrideProhibited"/>
		<exclude name="WordPress.NamingConventions.ValidVariableName.NotSnakeCaseMemberVar"/>
		<exclude name="Squiz.PHP.CommentedOutCode.Found"/>
	</rule>
</ruleset>
